<?xml version="1.0" encoding="UTF-8"?>
<project-private xmlns="http://www.netbeans.org/ns/project-private/1">
    <editor-bookmarks xmlns="http://www.netbeans.org/ns/editor-bookmarks/2" lastBookmarkId="0"/>
    <open-files xmlns="http://www.netbeans.org/ns/projectui-open-files/2">
        <group>
            <file>file:/C:/Users/renas/Downloads/Projeto-Final_Giovanne-main/Projeto-Final_Giovanne-main/ProjetoFinal-Giovanne/web/WEB-INF/jsp/checkout.jsp</file>
            <file>file:/C:/Users/renas/Downloads/Projeto-Final_Giovanne-main/Projeto-Final_Giovanne-main/ProjetoFinal-Giovanne/src/java/controller/CarrinhoController.java</file>
            <file>file:/C:/Users/renas/Downloads/Projeto-Final_Giovanne-main/Projeto-Final_Giovanne-main/ProjetoFinal-Giovanne/web/WEB-INF/jsp/recebido.jsp</file>
            <file>file:/C:/Users/renas/Downloads/Projeto-Final_Giovanne-main/Projeto-Final_Giovanne-main/ProjetoFinal-Giovanne/web/WEB-INF/jsp/login.jsp</file>
            <file>file:/C:/Users/renas/Downloads/Projeto-Final_Giovanne-main/Projeto-Final_Giovanne-main/ProjetoFinal-Giovanne/src/java/controller/CheckoutController.java</file>
            <file>file:/C:/Users/renas/Downloads/Projeto-Final_Giovanne-main/Projeto-Final_Giovanne-main/ProjetoFinal-Giovanne/web/WEB-INF/jsp/carrinho.jsp</file>
            <file>file:/C:/Users/renas/Downloads/Projeto-Final_Giovanne-main/Projeto-Final_Giovanne-main/ProjetoFinal-Giovanne/src/java/controller/recebido.java</file>
        </group>
    </open-files>
</project-private>
